Workbook

Sheet galactic
A1: ra | B1: dec | D1: ra_deg
A2: =raw!I22 -> 6.8666667 | B2: =raw!N22 -> -0.27406158 | D2: =15*(INT(A2)+MOD(A2,1)) -> 103
A3: =raw!I23 -> 6.9333333 | B3: =raw!N23 -> -2.2245892 | D3: =15*(INT(A3)+MOD(A3,1)) -> 104
A4: =raw!I24 -> 7 | B4: =raw!N24 -> -4.169299 | D4: =15*(INT(A4)+MOD(A4,1)) -> 105
A5: =raw!I25 -> 7.0666667 | B5: =raw!N25 -> -6.1031788 | D5: =15*(INT(A5)+MOD(A5,1)) -> 106
A6: =raw!I26 -> 7.1333333 | B6: =raw!N26 -> -8.0213751 | D6: =15*(INT(A6)+MOD(A6,1)) -> 107
A7: =raw!I27 -> 7.2 | B7: =raw!N27 -> -9.9192612 | D7: =15*(INT(A7)+MOD(A7,1)) -> 108
A8: =raw!I28 -> 7.2666667 | B8: =raw!N28 -> -11.792495 | D8: =15*(INT(A8)+MOD(A8,1)) -> 109
A9: =raw!I29 -> 7.3333333 | B9: =raw!N29 -> -13.637068 | D9: =15*(INT(A9)+MOD(A9,1)) -> 110
A10: =raw!I30 -> 7.4 | B10: =raw!N30 -> -15.449346 | D10: =15*(INT(A10)+MOD(A10,1)) -> 111
A11: =raw!I31 -> 7.4666667 | B11: =raw!N31 -> -17.226094 | D11: =15*(INT(A11)+MOD(A11,1)) -> 112
A12: =raw!I32 -> 7.5333333 | B12: =raw!N32 -> -18.964491 | D12: =15*(INT(A12)+MOD(A12,1)) -> 113
A13: =raw!I33 -> 7.6 | B13: =raw!N33 -> -20.662138 | D13: =15*(INT(A13)+MOD(A13,1)) -> 114
... A362: =raw!I382 -> 6.8666667 | B362: =raw!N382 -> -0.27406158 | D362: =15*(INT(A362)+MOD(A362,1)) -> 103

Sheet raw
F5: RA | K5: Dec
D6: Galactic | E6: North | F6: 12 | G6: 51 | H6: 26.3 | I6: =(((H6/60)+G6)/60)+F6 -> 12.857306 | J6: =((((H6/60)+G6)/60)+F6)*15 -> 192.85958 | K6: 27 | L6: 7 | M6: 42 | N6: =(((M6/60)+L6)/60)+K6 -> 27.128333 | R6: delta-p | S6: =N6 -> 27.128333
E7: Center | F7: 17 | G7: 45 | H7: 40 | I7: =(((H7/60)+G7)/60)+F7 -> 17.761111 | J7: =((((H7/60)+G7)/60)+F7)*15 -> 266.41667 | K7: -29 | L7: 0 | M7: 28 | N7: =-((((M7/60)+L7)/60)+ABS(K7)) -> -29.007778 | R7: alpha-p | S7: =J6 -> 192.85958
E8: Center-alt | F8: 17 | G8: 45 | H8: 37 | I8: =(((H8/60)+G8)/60)+F8 -> 17.760278 | J8: =((((H8/60)+G8)/60)+F8)*15 -> 266.40417 | K8: -28 | L8: 56 | M8: 10 | N8: =-((((M8/60)+L8)/60)+ABS(K8)) -> -28.936111
E9: Anticenter | F9: 5 | G9: 45 | H9: 40 | I9: =(((H9/60)+G9)/60)+F9 -> 5.7611111 | J9: =((((H9/60)+G9)/60)+F9)*15 -> 86.416667 | K9: 29 | L9: 0 | M9: 28 | N9: =(((M9/60)+L9)/60)+K9 -> 29.007778
E10: South | F10: 0 | G10: 51 | H10: 26 | I10: =(((H10/60)+G10)/60)+F10 -> 0.85722222 | J10: =((((H10/60)+G10)/60)+F10)*15 -> 12.858333 | K10: -27 | L10: 7 | M10: 42 | N10: =-((((M10/60)+L10)/60)+ABS(K10)) -> -27.128333
I11: =(((H11/60)+G11)/60)+F11 -> 0 | J11: =((((H11/60)+G11)/60)+F11)*15 -> 0 | N11: =(((M11/60)+L11)/60)+K11 -> 0
E12: Eastward | F12: 6 | G12: 51 | H12: 26 | I12: =(((H12/60)+G12)/60)+F12 -> 6.8572222 | J12: =((((H12/60)+G12)/60)+F12)*15 -> 102.85833 | K12: 0 | L12: 0 | M12: 0 | N12: =-((((M12/60)+L12)/60)+ABS(K12)) -> 0
E13: Westward | F13: 18 | G13: 51 | H13: 26 | I13: =(((H13/60)+G13)/60)+F13 -> 18.857222 | J13: =((((H13/60)+G13)/60)+F13)*15 -> 282.85833 | K13: 0 | L13: 0 | M13: 0 | N13: =(((M13/60)+L13)/60)+K13 -> 0
I14: =(((H14/60)+G14)/60)+F14 -> 0 | J14: =((((H14/60)+G14)/60)+F14)*15 -> 0 | N14: =-((((M14/60)+L14)/60)+ABS(K14)) -> 0
I15: =(((H15/60)+G15)/60)+F15 -> 0 | J15: =((((H15/60)+G15)/60)+F15)*15 -> 0 | N15: =(((M15/60)+L15)/60)+K15 -> 0 | V15: =DEGREES(
I16: =(((H16/60)+G16)/60)+F16 -> 0 | J16: =((((H16/60)+G16)/60)+F16)*15 -> 0 | N16: =-((((M16/60)+L16)/60)+ABS(K16)) -> 0 | V16: ATAN(
I17: =(((H17/60)+G17)/60)+F17 -> 0 | J17: =((((H17/60)+G17)/60)+F17)*15 -> 0 | N17: =(((M17/60)+L17)/60)+K17 -> 0 | V17: -(COS(RADIANS(27.12825)) / SIN(RADIANS(27.12825)))
E18: manually | I18: =(((H18/60)+G18)/60)+F18 -> 0 | J18: =((((H18/60)+G18)/60)+F18)*15 -> 0 | K18: -62 | L18: 52 | M18: 19 | N18: =-((((M18/60)+L18)/60)+ABS(K18)) -> -62.871944 | R18: -(cos dp/sin dp) | V18: * COS(RADIANS(A1*15 - 192.85948))
E19: calculated | F19: 12 | G19: 52 | H19: 0 | I19: =(((H19/60)+G19)/60)+F19 -> 12.866667 | J19: =((((H19/60)+G19)/60)+F19)*15 -> 193 | N19: =DEGREES(ATAN(-(COS(RADIANS($S$6))/SIN(RADIANS($S$6)))*COS(RADIANS(J19-$S$7)))) -> -62.871597 | R19: cos(a - ap) | V19: )
F20: 0 | G20: 0 | H20: 0 | I20: =(((H20/60)+G20)/60)+F20 -> 0 | J20: =((((H20/60)+G20)/60)+F20)*15 -> 0 | N20: =DEGREES(ATAN(-(COS(RADIANS($S$6))/SIN(RADIANS($S$6)))*COS(RADIANS(J20-$S$7)))) -> 62.276675 | V20: )
F21: 0 | G21: 0 | H21: 0 | I21: =(((H21/60)+G21)/60)+F21 -> 0 | J21: =((((H21/60)+G21)/60)+F21)*15 -> 0 | N21: =DEGREES(ATAN(-(COS(RADIANS($S$6))/SIN(RADIANS($S$6)))*COS(RADIANS(J21-$S$7)))) -> 62.276675
F22: 6 | G22: 52 | H22: 0 | I22: =(((H22/60)+G22)/60)+F22 -> 6.8666667 | J22: =((((H22/60)+G22)/60)+F22)*15 -> 103 | N22: =DEGREES(ATAN(-(COS(RADIANS($S$6))/SIN(RADIANS($S$6)))*COS(RADIANS(J22-$S$7)))) -> -0.27406158
F23: 6 | G23: 56 | H23: 0 | I23: =(((H23/60)+G23)/60)+F23 -> 6.9333333 | J23: =((((H23/60)+G23)/60)+F23)*15 -> 104 | N23: =DEGREES(ATAN(-(COS(RADIANS($S$6))/SIN(RADIANS($S$6)))*COS(RADIANS(J23-$S$7)))) -> -2.2245892
F24: 7 | G24: 0 | H24: 0 | I24: =(((H24/60)+G24)/60)+F24 -> 7 | J24: =((((H24/60)+G24)/60)+F24)*15 -> 105 | N24: =DEGREES(ATAN(-(COS(RADIANS($S$6))/SIN(RADIANS($S$6)))*COS(RADIANS(J24-$S$7)))) -> -4.169299
F25: 7 | G25: 4 | H25: 0 | I25: =(((H25/60)+G25)/60)+F25 -> 7.0666667 | J25: =((((H25/60)+G25)/60)+F25)*15 -> 106 | N25: =DEGREES(ATAN(-(COS(RADIANS($S$6))/SIN(RADIANS($S$6)))*COS(RADIANS(J25-$S$7)))) -> -6.1031788
F26: 7 | G26: 8 | H26: 0 | I26: =(((H26/60)+G26)/60)+F26 -> 7.1333333 | J26: =((((H26/60)+G26)/60)+F26)*15 -> 107 | N26: =DEGREES(ATAN(-(COS(RADIANS($S$6))/SIN(RADIANS($S$6)))*COS(RADIANS(J26-$S$7)))) -> -8.0213751
F27: 7 | G27: 12 | H27: 0 | I27: =(((H27/60)+G27)/60)+F27 -> 7.2 | J27: =((((H27/60)+G27)/60)+F27)*15 -> 108 | N27: =DEGREES(ATAN(-(COS(RADIANS($S$6))/SIN(RADIANS($S$6)))*COS(RADIANS(J27-$S$7)))) -> -9.9192612
F28: 7 | G28: 16 | H28: 0 | I28: =(((H28/60)+G28)/60)+F28 -> 7.2666667 | J28: =((((H28/60)+G28)/60)+F28)*15 -> 109 | N28: =DEGREES(ATAN(-(COS(RADIANS($S$6))/SIN(RADIANS($S$6)))*COS(RADIANS(J28-$S$7)))) -> -11.792495
F29: 7 | G29: 20 | H29: 0 | I29: =(((H29/60)+G29)/60)+F29 -> 7.3333333 | J29: =((((H29/60)+G29)/60)+F29)*15 -> 110 | N29: =DEGREES(ATAN(-(COS(RADIANS($S$6))/SIN(RADIANS($S$6)))*COS(RADIANS(J29-$S$7)))) -> -13.637068
F30: 7 | G30: 24 | H30: 0 | I30: =(((H30/60)+G30)/60)+F30 -> 7.4 | J30: =((((H30/60)+G30)/60)+F30)*15 -> 111 | N30: =DEGREES(ATAN(-(COS(RADIANS($S$6))/SIN(RADIANS($S$6)))*COS(RADIANS(J30-$S$7)))) -> -15.449346
F31: 7 | G31: 28 | H31: 0 | I31: =(((H31/60)+G31)/60)+F31 -> 7.4666667 | J31: =((((H31/60)+G31)/60)+F31)*15 -> 112 | N31: =DEGREES(ATAN(-(COS(RADIANS($S$6))/SIN(RADIANS($S$6)))*COS(RADIANS(J31-$S$7)))) -> -17.226094
F32: 7 | G32: 32 | H32: 0 | I32: =(((H32/60)+G32)/60)+F32 -> 7.5333333 | J32: =((((H32/60)+G32)/60)+F32)*15 -> 113 | N32: =DEGREES(ATAN(-(COS(RADIANS($S$6))/SIN(RADIANS($S$6)))*COS(RADIANS(J32-$S$7)))) -> -18.964491
... F52: 8 | G52: 52 | H52: 0 | I52: =(((H52/60)+G52)/60)+F52 -> 8.8666667 | J52: =((((H52/60)+G52)/60)+F52)*15 -> 133 | N52: =DEGREES(ATAN(-(COS(RADIANS($S$6))/SIN(RADIANS($S$6)))*COS(RADIANS(J52-$S$7)))) -> -44.422294
F53: 8 | G53: 56 | H53: 0 | I53: =(((H53/60)+G53)/60)+F53 -> 8.9333333 | J53: =((((H53/60)+G53)/60)+F53)*15 -> 134 | N53: =DEGREES(ATAN(-(COS(RADIANS($S$6))/SIN(RADIANS($S$6)))*COS(RADIANS(J53-$S$7)))) -> -45.266428 | U53: ℓ (deg) | V53: RA (J2000) | W53: Dec (J2000) | X53: Notes
F54: 9 | G54: 0 | H54: 0 | I54: =(((H54/60)+G54)/60)+F54 -> 9 | J54: =((((H54/60)+G54)/60)+F54)*15 -> 135 | N54: =DEGREES(ATAN(-(COS(RADIANS($S$6))/SIN(RADIANS($S$6)))*COS(RADIANS(J54-$S$7)))) -> -46.077708 | U54: 0 | V54: 17ᶜ 45ᵐ (266.4°) | W54: −28.9° | X54: Galactic center (HandWiki)
F55: 9 | G55: 4 | H55: 0 | I55: =(((H55/60)+G55)/60)+F55 -> 9.0666667 | J55: =((((H55/60)+G55)/60)+F55)*15 -> 136 | N55: =DEGREES(ATAN(-(COS(RADIANS($S$6))/SIN(RADIANS($S$6)))*COS(RADIANS(J55-$S$7)))) -> -46.857342 | U55: 15 | V55: 18ᶜ 18ᵐ (274.5°) | W55: −15.9°
F56: 9 | G56: 8 | H56: 0 | I56: =(((H56/60)+G56)/60)+F56 -> 9.1333333 | J56: =((((H56/60)+G56)/60)+F56)*15 -> 137 | N56: =DEGREES(ATAN(-(COS(RADIANS($S$6))/SIN(RADIANS($S$6)))*COS(RADIANS(J56-$S$7)))) -> -47.606513 | U56: 30 | V56: 18ᶜ 40ᵐ (279.9°) | W56: −2.6°
F57: 9 | G57: 12 | H57: 0 | I57: =(((H57/60)+G57)/60)+F57 -> 9.2 | J57: =((((H57/60)+G57)/60)+F57)*15 -> 138 | N57: =DEGREES(ATAN(-(COS(RADIANS($S$6))/SIN(RADIANS($S$6)))*COS(RADIANS(J57-$S$7)))) -> -48.326373 | U57: 45 | V57: 19ᶜ 14ᵐ (288.5°) | W57: +10.7°
F58: 9 | G58: 16 | H58: 0 | I58: =(((H58/60)+G58)/60)+F58 -> 9.2666667 | J58: =((((H58/60)+G58)/60)+F58)*15 -> 139 | N58: =DEGREES(ATAN(-(COS(RADIANS($S$6))/SIN(RADIANS($S$6)))*COS(RADIANS(J58-$S$7)))) -> -49.018038 | U58: 60 | V58: 19ᶜ 44ᵐ (296.0°) | W58: +23.9°
F59: 9 | G59: 20 | H59: 0 | I59: =(((H59/60)+G59)/60)+F59 -> 9.3333333 | J59: =((((H59/60)+G59)/60)+F59)*15 -> 140 | N59: =DEGREES(ATAN(-(COS(RADIANS($S$6))/SIN(RADIANS($S$6)))*COS(RADIANS(J59-$S$7)))) -> -49.682593 | U59: 75 | V59: 20ᶜ 21ᵐ (305.3°) | W59: +36.4°
F60: 9 | G60: 24 | H60: 0 | I60: =(((H60/60)+G60)/60)+F60 -> 9.4 | J60: =((((H60/60)+G60)/60)+F60)*15 -> 141 | N60: =DEGREES(ATAN(-(COS(RADIANS($S$6))/SIN(RADIANS($S$6)))*COS(RADIANS(J60-$S$7)))) -> -50.321083 | U60: 90 | V60: 21ᶜ 07ᵐ (316.9°) | W60: +48.2°
F61: 9 | G61: 28 | H61: 0 | I61: =(((H61/60)+G61)/60)+F61 -> 9.4666667 | J61: =((((H61/60)+G61)/60)+F61)*15 -> 142 | N61: =DEGREES(ATAN(-(COS(RADIANS($S$6))/SIN(RADIANS($S$6)))*COS(RADIANS(J61-$S$7)))) -> -50.934514 | U61: 105 | V61: 22ᶜ 31ᵐ (337.9°) | W61: +58.1°
F62: 9 | G62: 32 | H62: 0 | I62: =(((H62/60)+G62)/60)+F62 -> 9.5333333 | J62: =((((H62/60)+G62)/60)+F62)*15 -> 143 | N62: =DEGREES(ATAN(-(COS(RADIANS($S$6))/SIN(RADIANS($S$6)))*COS(RADIANS(J62-$S$7)))) -> -51.523857 | U62: 120 | V62: 01ᶜ 13ᵐ (18.4°) | W62: +62.8°
F63: 9 | G63: 36 | H63: 0 | I63: =(((H63/60)+G63)/60)+F63 -> 9.6 | J63: =((((H63/60)+G63)/60)+F63)*15 -> 144 | N63: =DEGREES(ATAN(-(COS(RADIANS($S$6))/SIN(RADIANS($S$6)))*COS(RADIANS(J63-$S$7)))) -> -52.090042 | U63: 135 | V63: 02ᶜ 31ᵐ (37.9°) | W63: +60.5°
F64: 9 | G64: 40 | H64: 0 | I64: =(((H64/60)+G64)/60)+F64 -> 9.6666667 | J64: =((((H64/60)+G64)/60)+F64)*15 -> 145 | N64: =DEGREES(ATAN(-(COS(RADIANS($S$6))/SIN(RADIANS($S$6)))*COS(RADIANS(J64-$S$7)))) -> -52.633961 | U64: 150 | V64: 04ᶜ 03ᵐ (61.0°) | W64: +52.7°
F65: 9 | G65: 44 | H65: 0 | I65: =(((H65/60)+G65)/60)+F65 -> 9.7333333 | J65: =((((H65/60)+G65)/60)+F65)*15 -> 146 | N65: =DEGREES(ATAN(-(COS(RADIANS($S$6))/SIN(RADIANS($S$6)))*COS(RADIANS(J65-$S$7)))) -> -53.156468 | U65: 165 | V65: 05ᶜ 07ᵐ (76.9°) | W65: +41.4°
F66: 9 | G66: 48 | H66: 0 | I66: =(((H66/60)+G66)/60)+F66 -> 9.8 | J66: =((((H66/60)+G66)/60)+F66)*15 -> 147 | N66: =DEGREES(ATAN(-(COS(RADIANS($S$6))/SIN(RADIANS($S$6)))*COS(RADIANS(J66-$S$7)))) -> -53.658381 | U66: 180 | V66: 05ᶜ 45ᵐ (86.4°) | W66: +28.9° | X66: Galactic anticenter (HandWiki)
F67: 9 | G67: 52 | H67: 0 | I67: =(((H67/60)+G67)/60)+F67 -> 9.8666667 | J67: =((((H67/60)+G67)/60)+F67)*15 -> 148 | N67: =DEGREES(ATAN(-(COS(RADIANS($S$6))/SIN(RADIANS($S$6)))*COS(RADIANS(J67-$S$7)))) -> -54.14048 | U67: 195 | V67: 06ᶜ 11ᵐ (92.9°) | W67: +16.0°
F68: 9 | G68: 56 | H68: 0 | I68: =(((H68/60)+G68)/60)+F68 -> 9.9333333 | J68: =((((H68/60)+G68)/60)+F68)*15 -> 149 | N68: =DEGREES(ATAN(-(COS(RADIANS($S$6))/SIN(RADIANS($S$6)))*COS(RADIANS(J68-$S$7)))) -> -54.60351 | U68: 210 | V68: 06ᶜ 57ᵐ (104.3°) | W68: −4.8°
F69: 10 | G69: 0 | H69: 0 | I69: =(((H69/60)+G69)/60)+F69 -> 10 | J69: =((((H69/60)+G69)/60)+F69)*15 -> 150 | N69: =DEGREES(ATAN(-(COS(RADIANS($S$6))/SIN(RADIANS($S$6)))*COS(RADIANS(J69-$S$7)))) -> -55.048184 | U69: 225 | V69: 07ᶜ 35ᵐ (113.9°) | W69: −21.0°
F70: 10 | G70: 4 | H70: 0 | I70: =(((H70/60)+G70)/60)+F70 -> 10.066667 | J70: =((((H70/60)+G70)/60)+F70)*15 -> 151 | N70: =DEGREES(ATAN(-(COS(RADIANS($S$6))/SIN(RADIANS($S$6)))*COS(RADIANS(J70-$S$7)))) -> -55.475178 | U70: 240 | V70: 07ᶜ 43ᵐ (115.9°) | W70: −23.9°
F71: 10 | G71: 8 | H71: 0 | I71: =(((H71/60)+G71)/60)+F71 -> 10.133333 | J71: =((((H71/60)+G71)/60)+F71)*15 -> 152 | N71: =DEGREES(ATAN(-(COS(RADIANS($S$6))/SIN(RADIANS($S$6)))*COS(RADIANS(J71-$S$7)))) -> -55.885137 | U71: 255 | V71: 08ᶜ 11ᵐ (122.9°) | W71: −38.9°
F72: 10 | G72: 12 | H72: 0 | I72: =(((H72/60)+G72)/60)+F72 -> 10.2 | J72: =((((H72/60)+G72)/60)+F72)*15 -> 153 | N72: =DEGREES(ATAN(-(COS(RADIANS($S$6))/SIN(RADIANS($S$6)))*COS(RADIANS(J72-$S$7)))) -> -56.278678 | U72: 270 | V72: 08ᶜ 31ᵐ (127.9°) | W72: −47.7°
F73: 10 | G73: 16 | H73: 0 | I73: =(((H73/60)+G73)/60)+F73 -> 10.266667 | J73: =((((H73/60)+G73)/60)+F73)*15 -> 154 | N73: =DEGREES(ATAN(-(COS(RADIANS($S$6))/SIN(RADIANS($S$6)))*COS(RADIANS(J73-$S$7)))) -> -56.656384 | U73: 285 | V73: 10ᶜ 31ᵐ (157.9°) | W73: −67.1°
F74: 10 | G74: 20 | H74: 0 | I74: =(((H74/60)+G74)/60)+F74 -> 10.333333 | J74: =((((H74/60)+G74)/60)+F74)*15 -> 155 | N74: =DEGREES(ATAN(-(COS(RADIANS($S$6))/SIN(RADIANS($S$6)))*COS(RADIANS(J74-$S$7)))) -> -57.018811 | U74: 300 | V74: 15ᶜ 04ᵐ (226.3°) | W74: −67.7°
F75: 10 | G75: 24 | H75: 0 | I75: =(((H75/60)+G75)/60)+F75 -> 10.4 | J75: =((((H75/60)+G75)/60)+F75)*15 -> 156 | N75: =DEGREES(ATAN(-(COS(RADIANS($S$6))/SIN(RADIANS($S$6)))*COS(RADIANS(J75-$S$7)))) -> -57.366489 | U75: 315 | V75: 18ᶜ 15ᵐ (273.8°) | W75: −17.1°
F76: 10 | G76: 28 | H76: 0 | I76: =(((H76/60)+G76)/60)+F76 -> 10.466667 | J76: =((((H76/60)+G76)/60)+F76)*15 -> 157 | N76: =DEGREES(ATAN(-(COS(RADIANS($S$6))/SIN(RADIANS($S$6)))*COS(RADIANS(J76-$S$7)))) -> -57.69992 | U76: 330 | V76: 19ᶜ 30ᵐ (292.5°) | W76: +2.5°
F77: 10 | G77: 32 | H77: 0 | I77: =(((H77/60)+G77)/60)+F77 -> 10.533333 | J77: =((((H77/60)+G77)/60)+F77)*15 -> 158 | N77: =DEGREES(ATAN(-(COS(RADIANS($S$6))/SIN(RADIANS($S$6)))*COS(RADIANS(J77-$S$7)))) -> -58.01958 | U77: 345 | V77: 18ᶜ 58ᵐ (284.5°) | W77: −10.5°
F78: 10 | G78: 36 | H78: 0 | I78: =(((H78/60)+G78)/60)+F78 -> 10.6 | J78: =((((H78/60)+G78)/60)+F78)*15 -> 159 | N78: =DEGREES(ATAN(-(COS(RADIANS($S$6))/SIN(RADIANS($S$6)))*COS(RADIANS(J78-$S$7)))) -> -58.325923
F79: 10 | G79: 40 | H79: 0 | I79: =(((H79/60)+G79)/60)+F79 -> 10.666667 | J79: =((((H79/60)+G79)/60)+F79)*15 -> 160 | N79: =DEGREES(ATAN(-(COS(RADIANS($S$6))/SIN(RADIANS($S$6)))*COS(RADIANS(J79-$S$7)))) -> -58.619379
F80: 10 | G80: 44 | H80: 0 | I80: =(((H80/60)+G80)/60)+F80 -> 10.733333 | J80: =((((H80/60)+G80)/60)+F80)*15 -> 161 | N80: =DEGREES(ATAN(-(COS(RADIANS($S$6))/SIN(RADIANS($S$6)))*COS(RADIANS(J80-$S$7)))) -> -58.900355
F81: 10 | G81: 48 | H81: 0 | I81: =(((H81/60)+G81)/60)+F81 -> 10.8 | J81: =((((H81/60)+G81)/60)+F81)*15 -> 162 | N81: =DEGREES(ATAN(-(COS(RADIANS($S$6))/SIN(RADIANS($S$6)))*COS(RADIANS(J81-$S$7)))) -> -59.169239
F82: 10 | G82: 52 | H82: 0 | I82: =(((H82/60)+G82)/60)+F82 -> 10.866667 | J82: =((((H82/60)+G82)/60)+F82)*15 -> 163 | N82: =DEGREES(ATAN(-(COS(RADIANS($S$6))/SIN(RADIANS($S$6)))*COS(RADIANS(J82-$S$7)))) -> -59.426396
F83: 10 | G83: 56 | H83: 0 | I83: =(((H83/60)+G83)/60)+F83 -> 10.933333 | J83: =((((H83/60)+G83)/60)+F83)*15 -> 164 | N83: =DEGREES(ATAN(-(COS(RADIANS($S$6))/SIN(RADIANS($S$6)))*COS(RADIANS(J83-$S$7)))) -> -59.672173
F84: 11 | G84: 0 | H84: 0 | I84: =(((H84/60)+G84)/60)+F84 -> 11 | J84: =((((H84/60)+G84)/60)+F84)*15 -> 165 | N84: =DEGREES(ATAN(-(COS(RADIANS($S$6))/SIN(RADIANS($S$6)))*COS(RADIANS(J84-$S$7)))) -> -59.906899
F85: 11 | G85: 4 | H85: 0 | I85: =(((H85/60)+G85)/60)+F85 -> 11.066667 | J85: =((((H85/60)+G85)/60)+F85)*15 -> 166 | N85: =DEGREES(ATAN(-(COS(RADIANS($S$6))/SIN(RADIANS($S$6)))*COS(RADIANS(J85-$S$7)))) -> -60.130885
F86: 11 | G86: 8 | H86: 0 | I86: =(((H86/60)+G86)/60)+F86 -> 11.133333 | J86: =((((H86/60)+G86)/60)+F86)*15 -> 167 | N86: =DEGREES(ATAN(-(COS(RADIANS($S$6))/SIN(RADIANS($S$6)))*COS(RADIANS(J86-$S$7)))) -> -60.344425
F87: 11 | G87: 12 | H87: 0 | I87: =(((H87/60)+G87)/60)+F87 -> 11.2 | J87: =((((H87/60)+G87)/60)+F87)*15 -> 168 | N87: =DEGREES(ATAN(-(COS(RADIANS($S$6))/SIN(RADIANS($S$6)))*COS(RADIANS(J87-$S$7)))) -> -60.547796
F88: 11 | G88: 16 | H88: 0 | I88: =(((H88/60)+G88)/60)+F88 -> 11.266667 | J88: =((((H88/60)+G88)/60)+F88)*15 -> 169 | N88: =DEGREES(ATAN(-(COS(RADIANS($S$6))/SIN(RADIANS($S$6)))*COS(RADIANS(J88-$S$7)))) -> -60.74126
F89: 11 | G89: 20 | H89: 0 | I89: =(((H89/60)+G89)/60)+F89 -> 11.333333 | J89: =((((H89/60)+G89)/60)+F89)*15 -> 170 | N89: =DEGREES(ATAN(-(COS(RADIANS($S$6))/SIN(RADIANS($S$6)))*COS(RADIANS(J89-$S$7)))) -> -60.925065
... F113: 12 | G113: 56 | H113: 0 | I113: =(((H113/60)+G113)/60)+F113 -> 12.933333 | J113: =((((H113/60)+G113)/60)+F113)*15 -> 194 | N113: =DEGREES(ATAN(-(COS(RADIANS($S$6))/SIN(RADIANS($S$6)))*COS(RADIANS(J113-$S$7)))) -> -62.86706
F114: =1+F99 -> 13 | G114: 0 | H114: 0 | I114: =(((H114/60)+G114)/60)+F114 -> 13 | J114: =((((H114/60)+G114)/60)+F114)*15 -> 195 | N114: =DEGREES(ATAN(-(COS(RADIANS($S$6))/SIN(RADIANS($S$6)))*COS(RADIANS(J114-$S$7)))) -> -62.855435
F115: =1+F100 -> 13 | G115: 4 | H115: 0 | I115: =(((H115/60)+G115)/60)+F115 -> 13.066667 | J115: =((((H115/60)+G115)/60)+F115)*15 -> 196 | N115: =DEGREES(ATAN(-(COS(RADIANS($S$6))/SIN(RADIANS($S$6)))*COS(RADIANS(J115-$S$7)))) -> -62.836707
F116: =1+F101 -> 13 | G116: 8 | H116: 0 | I116: =(((H116/60)+G116)/60)+F116 -> 13.133333 | J116: =((((H116/60)+G116)/60)+F116)*15 -> 197 | N116: =DEGREES(ATAN(-(COS(RADIANS($S$6))/SIN(RADIANS($S$6)))*COS(RADIANS(J116-$S$7)))) -> -62.810856
F117: =1+F102 -> 13 | G117: 12 | H117: 0 | I117: =(((H117/60)+G117)/60)+F117 -> 13.2 | J117: =((((H117/60)+G117)/60)+F117)*15 -> 198 | N117: =DEGREES(ATAN(-(COS(RADIANS($S$6))/SIN(RADIANS($S$6)))*COS(RADIANS(J117-$S$7)))) -> -62.777852
F118: =1+F103 -> 13 | G118: 16 | H118: 0 | I118: =(((H118/60)+G118)/60)+F118 -> 13.266667 | J118: =((((H118/60)+G118)/60)+F118)*15 -> 199 | N118: =DEGREES(ATAN(-(COS(RADIANS($S$6))/SIN(RADIANS($S$6)))*COS(RADIANS(J118-$S$7)))) -> -62.737656
F119: =1+F104 -> 13 | G119: 20 | H119: 0 | I119: =(((H119/60)+G119)/60)+F119 -> 13.333333 | J119: =((((H119/60)+G119)/60)+F119)*15 -> 200 | N119: =DEGREES(ATAN(-(COS(RADIANS($S$6))/SIN(RADIANS($S$6)))*COS(RADIANS(J119-$S$7)))) -> -62.690223
F120: =1+F105 -> 13 | G120: 24 | H120: 0 | I120: =(((H120/60)+G120)/60)+F120 -> 13.4 | J120: =((((H120/60)+G120)/60)+F120)*15 -> 201 | N120: =DEGREES(ATAN(-(COS(RADIANS($S$6))/SIN(RADIANS($S$6)))*COS(RADIANS(J120-$S$7)))) -> -62.635498
F121: =1+F106 -> 13 | G121: 28 | H121: 0 | I121: =(((H121/60)+G121)/60)+F121 -> 13.466667 | J121: =((((H121/60)+G121)/60)+F121)*15 -> 202 | N121: =DEGREES(ATAN(-(COS(RADIANS($S$6))/SIN(RADIANS($S$6)))*COS(RADIANS(J121-$S$7)))) -> -62.573418
F122: =1+F107 -> 13 | G122: 32 | H122: 0 | I122: =(((H122/60)+G122)/60)+F122 -> 13.533333 | J122: =((((H122/60)+G122)/60)+F122)*15 -> 203 | N122: =DEGREES(ATAN(-(COS(RADIANS($S$6))/SIN(RADIANS($S$6)))*COS(RADIANS(J122-$S$7)))) -> -62.50391
F123: =1+F108 -> 13 | G123: 36 | H123: 0 | I123: =(((H123/60)+G123)/60)+F123 -> 13.6 | J123: =((((H123/60)+G123)/60)+F123)*15 -> 204 | N123: =DEGREES(ATAN(-(COS(RADIANS($S$6))/SIN(RADIANS($S$6)))*COS(RADIANS(J123-$S$7)))) -> -62.426894
F124: =1+F109 -> 13 | G124: 40 | H124: 0 | I124: =(((H124/60)+G124)/60)+F124 -> 13.666667 | J124: =((((H124/60)+G124)/60)+F124)*15 -> 205 | N124: =DEGREES(ATAN(-(COS(RADIANS($S$6))/SIN(RADIANS($S$6)))*COS(RADIANS(J124-$S$7)))) -> -62.342279
F125: =1+F110 -> 13 | G125: 44 | H125: 0 | I125: =(((H125/60)+G125)/60)+F125 -> 13.733333 | J125: =((((H125/60)+G125)/60)+F125)*15 -> 206 | N125: =DEGREES(ATAN(-(COS(RADIANS($S$6))/SIN(RADIANS($S$6)))*COS(RADIANS(J125-$S$7)))) -> -62.249967
... F278: =1+F263 -> 23 | G278: 56 | H278: 0 | I278: =(((H278/60)+G278)/60)+F278 -> 23.933333 | J278: =((((H278/60)+G278)/60)+F278)*15 -> 359 | N278: =DEGREES(ATAN(-(COS(RADIANS($S$6))/SIN(RADIANS($S$6)))*COS(RADIANS(J278-$S$7)))) -> 62.17876
F279: 0 | G279: 0 | H279: 0 | I279: =(((H279/60)+G279)/60)+F279 -> 0 | J279: =((((H279/60)+G279)/60)+F279)*15 -> 0 | N279: =DEGREES(ATAN(-(COS(RADIANS($S$6))/SIN(RADIANS($S$6)))*COS(RADIANS(J279-$S$7)))) -> 62.276675
F280: 0 | G280: 4 | H280: 0 | I280: =(((H280/60)+G280)/60)+F280 -> 0.066666667 | J280: =((((H280/60)+G280)/60)+F280)*15 -> 1 | N280: =DEGREES(ATAN(-(COS(RADIANS($S$6))/SIN(RADIANS($S$6)))*COS(RADIANS(J280-$S$7)))) -> 62.366815
F281: 0 | G281: 8 | H281: 0 | I281: =(((H281/60)+G281)/60)+F281 -> 0.13333333 | J281: =((((H281/60)+G281)/60)+F281)*15 -> 2 | N281: =DEGREES(ATAN(-(COS(RADIANS($S$6))/SIN(RADIANS($S$6)))*COS(RADIANS(J281-$S$7)))) -> 62.449286
F282: 0 | G282: 12 | H282: 0 | I282: =(((H282/60)+G282)/60)+F282 -> 0.2 | J282: =((((H282/60)+G282)/60)+F282)*15 -> 3 | N282: =DEGREES(ATAN(-(COS(RADIANS($S$6))/SIN(RADIANS($S$6)))*COS(RADIANS(J282-$S$7)))) -> 62.524185
F283: 0 | G283: 16 | H283: 0 | I283: =(((H283/60)+G283)/60)+F283 -> 0.26666667 | J283: =((((H283/60)+G283)/60)+F283)*15 -> 4 | N283: =DEGREES(ATAN(-(COS(RADIANS($S$6))/SIN(RADIANS($S$6)))*COS(RADIANS(J283-$S$7)))) -> 62.591599
F284: 0 | G284: 20 | H284: 0 | I284: =(((H284/60)+G284)/60)+F284 -> 0.33333333 | J284: =((((H284/60)+G284)/60)+F284)*15 -> 5 | N284: =DEGREES(ATAN(-(COS(RADIANS($S$6))/SIN(RADIANS($S$6)))*COS(RADIANS(J284-$S$7)))) -> 62.651607
F285: 0 | G285: 24 | H285: 0 | I285: =(((H285/60)+G285)/60)+F285 -> 0.4 | J285: =((((H285/60)+G285)/60)+F285)*15 -> 6 | N285: =DEGREES(ATAN(-(COS(RADIANS($S$6))/SIN(RADIANS($S$6)))*COS(RADIANS(J285-$S$7)))) -> 62.704278
F286: 0 | G286: 28 | H286: 0 | I286: =(((H286/60)+G286)/60)+F286 -> 0.46666667 | J286: =((((H286/60)+G286)/60)+F286)*15 -> 7 | N286: =DEGREES(ATAN(-(COS(RADIANS($S$6))/SIN(RADIANS($S$6)))*COS(RADIANS(J286-$S$7)))) -> 62.749673
F287: 0 | G287: 32 | H287: 0 | I287: =(((H287/60)+G287)/60)+F287 -> 0.53333333 | J287: =((((H287/60)+G287)/60)+F287)*15 -> 8 | N287: =DEGREES(ATAN(-(COS(RADIANS($S$6))/SIN(RADIANS($S$6)))*COS(RADIANS(J287-$S$7)))) -> 62.787845
F288: 0 | G288: 36 | H288: 0 | I288: =(((H288/60)+G288)/60)+F288 -> 0.6 | J288: =((((H288/60)+G288)/60)+F288)*15 -> 9 | N288: =DEGREES(ATAN(-(COS(RADIANS($S$6))/SIN(RADIANS($S$6)))*COS(RADIANS(J288-$S$7)))) -> 62.818837
F289: 0 | G289: 40 | H289: 0 | I289: =(((H289/60)+G289)/60)+F289 -> 0.66666667 | J289: =((((H289/60)+G289)/60)+F289)*15 -> 10 | N289: =DEGREES(ATAN(-(COS(RADIANS($S$6))/SIN(RADIANS($S$6)))*COS(RADIANS(J289-$S$7)))) -> 62.842685
F290: 0 | G290: 44 | H290: 0 | I290: =(((H290/60)+G290)/60)+F290 -> 0.73333333 | J290: =((((H290/60)+G290)/60)+F290)*15 -> 11 | N290: =DEGREES(ATAN(-(COS(RADIANS($S$6))/SIN(RADIANS($S$6)))*COS(RADIANS(J290-$S$7)))) -> 62.859416
... F293: 0 | G293: 56 | H293: 0 | I293: =(((H293/60)+G293)/60)+F293 -> 0.93333333 | J293: =((((H293/60)+G293)/60)+F293)*15 -> 14 | N293: =DEGREES(ATAN(-(COS(RADIANS($S$6))/SIN(RADIANS($S$6)))*COS(RADIANS(J293-$S$7)))) -> 62.86706
F294: =1+F279 -> 1 | G294: 0 | H294: 0 | I294: =(((H294/60)+G294)/60)+F294 -> 1 | J294: =((((H294/60)+G294)/60)+F294)*15 -> 15 | N294: =DEGREES(ATAN(-(COS(RADIANS($S$6))/SIN(RADIANS($S$6)))*COS(RADIANS(J294-$S$7)))) -> 62.855435
F295: =1+F280 -> 1 | G295: 4 | H295: 0 | I295: =(((H295/60)+G295)/60)+F295 -> 1.0666667 | J295: =((((H295/60)+G295)/60)+F295)*15 -> 16 | N295: =DEGREES(ATAN(-(COS(RADIANS($S$6))/SIN(RADIANS($S$6)))*COS(RADIANS(J295-$S$7)))) -> 62.836707
F296: =1+F281 -> 1 | G296: 8 | H296: 0 | I296: =(((H296/60)+G296)/60)+F296 -> 1.1333333 | J296: =((((H296/60)+G296)/60)+F296)*15 -> 17 | N296: =DEGREES(ATAN(-(COS(RADIANS($S$6))/SIN(RADIANS($S$6)))*COS(RADIANS(J296-$S$7)))) -> 62.810856
F297: =1+F282 -> 1 | G297: 12 | H297: 0 | I297: =(((H297/60)+G297)/60)+F297 -> 1.2 | J297: =((((H297/60)+G297)/60)+F297)*15 -> 18 | N297: =DEGREES(ATAN(-(COS(RADIANS($S$6))/SIN(RADIANS($S$6)))*COS(RADIANS(J297-$S$7)))) -> 62.777852
F298: =1+F283 -> 1 | G298: 16 | H298: 0 | I298: =(((H298/60)+G298)/60)+F298 -> 1.2666667 | J298: =((((H298/60)+G298)/60)+F298)*15 -> 19 | N298: =DEGREES(ATAN(-(COS(RADIANS($S$6))/SIN(RADIANS($S$6)))*COS(RADIANS(J298-$S$7)))) -> 62.737656
F299: =1+F284 -> 1 | G299: 20 | H299: 0 | I299: =(((H299/60)+G299)/60)+F299 -> 1.3333333 | J299: =((((H299/60)+G299)/60)+F299)*15 -> 20 | N299: =DEGREES(ATAN(-(COS(RADIANS($S$6))/SIN(RADIANS($S$6)))*COS(RADIANS(J299-$S$7)))) -> 62.690223
F300: =1+F285 -> 1 | G300: 24 | H300: 0 | I300: =(((H300/60)+G300)/60)+F300 -> 1.4 | J300: =((((H300/60)+G300)/60)+F300)*15 -> 21 | N300: =DEGREES(ATAN(-(COS(RADIANS($S$6))/SIN(RADIANS($S$6)))*COS(RADIANS(J300-$S$7)))) -> 62.635498
...
